mountain_id,mountain_name,height,primary_country,proposed_additional_country,distance_to_boundary_meters,boundary_source,boundary_feature_ids,evidence_type,supporting_external_reference,classification_reason,existing_membership_status
87,"Wettersteinwand",2482,AT,DE,0,"William & Mary geoLab","AT:AT-7:97560089B46292059412713,DE:DE-BY:10402087B60477050509260",CANDIDATE,"OSM:summit:87","Near-border (0m) or conflicting/imprecise source; manual verification required. Distance alone is insufficient.",unknown – requires existing_memberships export to verify
4,"Zugspitzeck",2815,AT,DE,1,"William & Mary geoLab","AT:AT-7:97560089B46292059412713,DE:DE-BY:10402087B60477050509260",CANDIDATE,"OSM:summit:4","Near-border (1m) or conflicting/imprecise source; manual verification required. Distance alone is insufficient.",unknown – requires existing_memberships export to verify
65,"Oberreintalschrofen",2523,AT,DE,1,"William & Mary geoLab","AT:AT-7:97560089B46292059412713,DE:DE-BY:10402087B60477050509260",CANDIDATE,"OSM:summit:65","Near-border (1m) or conflicting/imprecise source; manual verification required. Distance alone is insufficient.",unknown – requires existing_memberships export to verify
138,"Westliche Karwendelspitze",2385,AT,DE,1,"William & Mary geoLab","AT:AT-7:97560089B46292059412713,DE:DE-BY:10402087B60477050509260",CANDIDATE,"OSM:summit:138","Near-border (1m) or conflicting/imprecise source; manual verification required. Distance alone is insufficient.",unknown – requires existing_memberships export to verify
264,"Mittlere Linderspitze",2239,AT,DE,1,"William & Mary geoLab","AT:AT-7:97560089B46292059412713,DE:DE-BY:10402087B60477050509260",CANDIDATE,"OSM:summit:264","Near-border (1m) or conflicting/imprecise source; manual verification required. Distance alone is insufficient.",unknown – requires existing_memberships export to verify
6,"",2782,AT,DE,3,"William & Mary geoLab","AT:AT-7:97560089B46292059412713,DE:DE-BY:10402087B60477050509260",CANDIDATE,"OSM:summit:6","Near-border (3m) or conflicting/imprecise source; manual verification required. Distance alone is insufficient.",unknown – requires existing_memberships export to verify
21,"Östliche Plattspitze",2680,AT,DE,3,"William & Mary geoLab","AT:AT-7:97560089B46292059412713,DE:DE-BY:10402087B60477050509260",CANDIDATE,"OSM:summit:21","Near-border (3m) or conflicting/imprecise source; manual verification required. Distance alone is insufficient.",unknown – requires existing_memberships export to verify
129,"Rotplattenspitze",2399,AT,DE,3,"William & Mary geoLab","AT:AT-7:97560089B46292059412713,DE:DE-BY:10402087B60477050509260",CANDIDATE,"OSM:summit:129","Near-border (3m) or conflicting/imprecise source; manual verification required. Distance alone is insufficient.",unknown – requires existing_memberships export to verify
307,"Große Arnspitze",2196,AT,DE,4,"William & Mary geoLab","AT:AT-7:97560089B46292059412713,DE:DE-BY:10402087B60477050509260",CANDIDATE,"OSM:summit:307","Near-border (4m) or conflicting/imprecise source; manual verification required. Distance alone is insufficient.",unknown – requires existing_memberships export to verify
37,"Partenkirchner Dreitorspitze, Mittelgipfel",2622,AT,DE,5,"William & Mary geoLab","AT:AT-7:97560089B46292059412713,DE:DE-BY:10402087B60477050509260",CANDIDATE,"OSM:summit:37","Near-border (5m) or conflicting/imprecise source; manual verification required. Distance alone is insufficient.",unknown – requires existing_memberships export to verify
83,"Signalkuppe",2486,AT,DE,5,"William & Mary geoLab","AT:AT-7:97560089B46292059412713,DE:DE-BY:10402087B60477050509260",CANDIDATE,"OSM:summit:83","Near-border (5m) or conflicting/imprecise source; manual verification required. Distance alone is insufficient.",unknown – requires existing_memberships export to verify
150,"Nördliche Linderspitze",2372,AT,DE,5,"William & Mary geoLab","AT:AT-7:97560089B46292059412713,DE:DE-BY:10402087B60477050509260",CANDIDATE,"OSM:summit:150","Near-border (5m) or conflicting/imprecise source; manual verification required. Distance alone is insufficient.",unknown – requires existing_memberships export to verify
310,"Rotwandlspitze",2192,AT,DE,5,"William & Mary geoLab","AT:AT-7:97560089B46292059412713,DE:DE-BY:10402087B60477050509260",CANDIDATE,"OSM:summit:310","Near-border (5m) or conflicting/imprecise source; manual verification required. Distance alone is insufficient.",unknown – requires existing_memberships export to verify
2,"Schneefernerkopf",2874,AT,DE,6,"William & Mary geoLab","AT:AT-7:97560089B46292059412713,DE:DE-BY:10402087B60477050509260",CANDIDATE,"OSM:summit:2","Near-border (6m) or conflicting/imprecise source; manual verification required. Distance alone is insufficient.",unknown – requires existing_memberships export to verify
320,"Brunnsteinspitze",2180,AT,DE,8,"William & Mary geoLab","AT:AT-7:97560089B46292059412713,DE:DE-BY:10402087B60477050509260",CANDIDATE,"OSM:summit:320","Near-border (8m) or conflicting/imprecise source; manual verification required. Distance alone is insufficient.",unknown – requires existing_memberships export to verify
342,"Untere Wettersteinspitze",2151,AT,DE,8,"William & Mary geoLab","AT:AT-7:97560089B46292059412713,DE:DE-BY:10402087B60477050509260",CANDIDATE,"OSM:summit:342","Near-border (8m) or conflicting/imprecise source; manual verification required. Distance alone is insufficient.",unknown – requires existing_memberships export to verify
8,"Südliche Wetterspitze",2746,AT,DE,10,"William & Mary geoLab","AT:AT-7:97560089B46292059412713,DE:DE-BY:10402087B60477050509260",CANDIDATE,"OSM:summit:8","Near-border (10m) or conflicting/imprecise source; manual verification required. Distance alone is insufficient.",unknown – requires existing_memberships export to verify
19,"Leutascher Dreitorspitze",2682,AT,DE,10,"William & Mary geoLab","AT:AT-7:97560089B46292059412713,DE:DE-BY:10402087B60477050509260",CANDIDATE,"OSM:summit:19","Near-border (10m) or conflicting/imprecise source; manual verification required. Distance alone is insufficient.",unknown – requires existing_memberships export to verify
75,"Bayerländerturm",2507,AT,DE,11,"William & Mary geoLab","AT:AT-7:97560089B46292059412713,DE:DE-BY:10402087B60477050509260",CANDIDATE,"OSM:summit:75","Near-border (11m) or conflicting/imprecise source; manual verification required. Distance alone is insufficient.",unknown – requires existing_memberships export to verify
100,"Scharnitzspitze",2461,AT,DE,11,"William & Mary geoLab","AT:AT-7:97560089B46292059412713,DE:DE-BY:10402087B60477050509260",CANDIDATE,"OSM:summit:100","Near-border (11m) or conflicting/imprecise source; manual verification required. Distance alone is insufficient.",unknown – requires existing_memberships export to verify
184,"Sulzleklammspitze",2321,AT,DE,11,"William & Mary geoLab","AT:AT-7:97560089B46292059412713,DE:DE-BY:10402087B60477050509260",CANDIDATE,"OSM:summit:184","Near-border (11m) or conflicting/imprecise source; manual verification required. Distance alone is insufficient.",unknown – requires existing_memberships export to verify
194,"Südliche Linderspitze",2304,AT,DE,11,"William & Mary geoLab","AT:AT-7:97560089B46292059412713,DE:DE-BY:10402087B60477050509260",CANDIDATE,"OSM:summit:194","Near-border (11m) or conflicting/imprecise source; manual verification required. Distance alone is insufficient.",unknown – requires existing_memberships export to verify
34,"Partenkirchner Dreitorspitze, Nordostgipfel",2626,AT,DE,12,"William & Mary geoLab","AT:AT-7:97560089B46292059412713,DE:DE-BY:10402087B60477050509260",CANDIDATE,"OSM:summit:34","Near-border (12m) or conflicting/imprecise source; manual verification required. Distance alone is insufficient.",unknown – requires existing_memberships export to verify
199,"Kirchlespitze",2301,AT,DE,12,"William & Mary geoLab","AT:AT-7:97560089B46292059412713,DE:DE-BY:10402087B60477050509260",CANDIDATE,"OSM:summit:199","Near-border (12m) or conflicting/imprecise source; manual verification required. Distance alone is insufficient.",unknown – requires existing_memberships export to verify
30,"Partenkirchner Dreitorspitze, Westgipfel",2633,AT,DE,13,"William & Mary geoLab","AT:AT-7:97560089B46292059412713,DE:DE-BY:10402087B60477050509260",CANDIDATE,"OSM:summit:30","Near-border (13m) or conflicting/imprecise source; manual verification required. Distance alone is insufficient.",unknown – requires existing_memberships export to verify
3,"",2836,AT,DE,14,"William & Mary geoLab","AT:AT-7:97560089B46292059412713,DE:DE-BY:10402087B60477050509260",CANDIDATE,"OSM:summit:3","Near-border (14m) or conflicting/imprecise source; manual verification required. Distance alone is insufficient.",unknown – requires existing_memberships export to verify
28,"Teufelsgrat",2648,AT,DE,14,"William & Mary geoLab","AT:AT-7:97560089B46292059412713,DE:DE-BY:10402087B60477050509260",CANDIDATE,"OSM:summit:28","Near-border (14m) or conflicting/imprecise source; manual verification required. Distance alone is insufficient.",unknown – requires existing_memberships export to verify
193,"Drei Scharten",2304,AT,DE,15,"William & Mary geoLab","AT:AT-7:97560089B46292059412713,DE:DE-BY:10402087B60477050509260",CANDIDATE,"OSM:summit:193","Near-border (15m) or conflicting/imprecise source; manual verification required. Distance alone is insufficient.",unknown – requires existing_memberships export to verify
393,"Kreuzspitzl",2089,AT,DE,16,"William & Mary geoLab","AT:AT-7:97560089B46292059412713,DE:DE-BY:10402087B60477050509260",CANDIDATE,"OSM:summit:393","Near-border (16m) or conflicting/imprecise source; manual verification required. Distance alone is insufficient.",unknown – requires existing_memberships export to verify
110,"Östliche Törlspitze",2444,AT,DE,19,"William & Mary geoLab","AT:AT-7:97560089B46292059412713,DE:DE-BY:10402087B60477050509260",CANDIDATE,"OSM:summit:110","Near-border (19m) or conflicting/imprecise source; manual verification required. Distance alone is insufficient.",unknown – requires existing_memberships export to verify
20,"Mittlere Plattspitze",2680,AT,DE,20,"William & Mary geoLab","AT:AT-7:97560089B46292059412713,DE:DE-BY:10402087B60477050509260",CANDIDATE,"OSM:summit:20","Near-border (20m) or conflicting/imprecise source; manual verification required. Distance alone is insufficient.",unknown – requires existing_memberships export to verify
89,"Musterstein",2478,AT,DE,20,"William & Mary geoLab","AT:AT-7:97560089B46292059412713,DE:DE-BY:10402087B60477050509260",CANDIDATE,"OSM:summit:89","Near-border (20m) or conflicting/imprecise source; manual verification required. Distance alone is insufficient.",unknown – requires existing_memberships export to verify
5,"",2794,AT,DE,27,"William & Mary geoLab","AT:AT-7:97560089B46292059412713,DE:DE-BY:10402087B60477050509260",CANDIDATE,"OSM:summit:5","Near-border (27m) or conflicting/imprecise source; manual verification required. Distance alone is insufficient.",unknown – requires existing_memberships export to verify
54,"Schüsselkarspitze",2553,AT,DE,28,"William & Mary geoLab","AT:AT-7:97560089B46292059412713,DE:DE-BY:10402087B60477050509260",CANDIDATE,"OSM:summit:54","Near-border (28m) or conflicting/imprecise source; manual verification required. Distance alone is insufficient.",unknown – requires existing_memberships export to verify